,Mean,Standard Deviation
First Time,101.27579630321137,25.227210733663
Second Time,0.0035495372618717623,0.9868488491927212
